Usia,Gender,Gaji,Tingkat Pendidikan,Pengalaman Kerja,Skor Kinerja,Departemen,Kota,Produktivitas
48,Perempuan,3097,S2,18,25,Marketing,Sukabumi,73.79
28,Laki-laki,11429,S1,11,20,Production,Bogor,75.73
31,Perempuan,8866,S1,6,41,Finance,Bogor,81.07
43,Perempuan,4751,D3,14,58,Production,Karawang,66.2
24,Perempuan,9795,S1,6,75,IT,Bandung,72.73
27,Laki-laki,7812,SMA,2,36,Marketing,Bandung,86.28
53,Perempuan,13611,S2,11,77,Finance,Bekasi,78.99
29,Perempuan,7999,SMA,1,55,HR,Bekasi,84.82
31,Laki-laki,9077,SMA,9,49,IT,Sukabumi,81.47
36,Laki-laki,4315,S2,2,86,Finance,Sukabumi,92.25
44,Laki-laki,6214,S1,23,5,IT,Sukabumi,77.48
53,Laki-laki,3384,S2,0,15,Production,Bogor,82.75
42,Perempuan,12112,S2,23,11,Production,Sukabumi,73.92
41,Laki-laki,14068,SMA,2,16,HR,Karawang,80.09
31,Laki-laki,7940,D3,13,42,HR,Bandung,74.52
22,Laki-laki,4183,SMA,3,54,Production,Karawang,82.3
33,Laki-laki,4079,D3,14,41,Marketing,Bekasi,76.45
35,Perempuan,13165,D3,0,18,IT,Bogor,94.43
43,Perempuan,12515,S2,25,39,Marketing,Bekasi,70.46
50,Laki-laki,13198,S2,4,73,IT,Bekasi,70.58
25,Laki-laki,9990,S2,6,95,IT,Bekasi,50.43
26,Laki-laki,8447,S2,7,48,IT,Bekasi,72.51
55,Perempuan,6031,S2,10,45,HR,Bekasi,65.43
53,Perempuan,13226,S2,21,45,HR,Sukabumi,61.35
53,Perempuan,13498,S1,24,19,Finance,Bogor,76.41
20,Perempuan,14356,D3,2,100,HR,Bogor,61.22
26,Laki-laki,3864,SMA,2,4,HR,Bandung,73.42
38,Laki-laki,10978,S2,11,0,Production,Sukabumi,75.19
29,Perempuan,5653,S2,3,55,Production,Bogor,70.36
50,Laki-laki,12571,D3,22,81,Finance,Bekasi,80.73
49,Laki-laki,8854,D3,13,48,Finance,Bandung,80.44
19,Laki-laki,12847,D3,1,88,IT,Karawang,75.55
43,Perempuan,13419,SMA,22,5,IT,Bandung,81.85
42,Perempuan,5460,S1,6,24,Production,Bandung,77.23
43,Laki-laki,11500,D3,4,12,Marketing,Sukabumi,79.59
23,Perempuan,4625,S1,1,66,Marketing,Bogor,64.96
46,Laki-laki,8174,D3,13,60,Marketing,Bekasi,80.26
23,Laki-laki,4780,S2,1,18,HR,Bandung,76.31
41,Perempuan,11208,S1,11,29,IT,Bandung,75.62
54,Laki-laki,8066,SMA,1,5,Marketing,Karawang,79.29
43,Perempuan,11753,D3,11,41,Finance,Bekasi,69.88
52,Laki-laki,12398,D3,26,27,Production,Bekasi,91.06
58,Laki-laki,10047,S2,34,100,Finance,Sukabumi,76.18
52,Laki-laki,4599,S1,7,7,Finance,Bekasi,74.15
54,Perempuan,6605,SMA,14,58,IT,Karawang,79.38
31,Laki-laki,5746,SMA,7,14,Production,Karawang,90.19
19,Perempuan,10741,D3,0,23,Marketing,Bogor,92.2
50,Laki-laki,10479,D3,5,8,IT,Bandung,56.95
45,Laki-laki,6559,S1,27,21,IT,Karawang,71.77
28,Laki-laki,9161,D3,10,79,HR,Bogor,74.72
31,Perempuan,6547,SMA,6,76,Production,Bekasi,73.35
27,Perempuan,9692,S2,8,67,HR,Bekasi,80.54
28,Laki-laki,9888,S2,1,65,IT,Bandung,67.54
40,Laki-laki,4710,S1,12,54,Finance,Bekasi,71.56
18,Laki-laki,10108,D3,1,63,Finance,Bandung,76.27
37,Perempuan,11410,SMA,7,70,Marketing,Bekasi,81.81
34,Laki-laki,8459,SMA,16,94,Finance,Bekasi,91.37
32,Perempuan,10266,S1,14,28,Production,Bandung,60.67
23,Laki-laki,5934,S2,4,43,Marketing,Sukabumi,82.3
35,Perempuan,4195,S2,1,97,Finance,Bandung,77.07
39,Laki-laki,10252,S2,2,43,Marketing,Sukabumi,63.09
19,Laki-laki,5944,S1,0,2,Production,Bogor,61.1
41,Laki-laki,3735,S2,2,29,Production,Karawang,84.56
50,Laki-laki,11472,S1,32,74,IT,Bogor,67.94
53,Perempuan,3559,D3,18,66,Finance,Karawang,79.43
22,Perempuan,13984,S1,4,53,Marketing,Bandung,62.26
55,Laki-laki,6486,S1,1,23,Finance,Bandung,68.98
27,Laki-laki,9838,S1,0,14,Marketing,Bogor,70.39
21,Perempuan,10525,S2,0,0,Finance,Bekasi,83.53
51,Laki-laki,4351,S1,4,38,Marketing,Bekasi,58.51
22,Perempuan,7521,D3,3,72,IT,Sukabumi,78.11
32,Perempuan,14911,SMA,7,14,Production,Karawang,79.09
49,Perempuan,11332,S2,23,55,Marketing,Karawang,74.56
50,Laki-laki,4297,S1,23,33,Marketing,Karawang,70.64
38,Laki-laki,3863,S2,17,74,HR,Sukabumi,80.25
21,Perempuan,3345,SMA,0,34,Finance,Bogor,62.83
18,Perempuan,14005,S1,1,59,Marketing,Bandung,81.05
38,Laki-laki,7729,S2,15,86,Production,Karawang,78.23
23,Perempuan,6392,SMA,5,36,Finance,Bekasi,79.14
28,Perempuan,12064,S2,3,23,Finance,Bogor,66.67
39,Laki-laki,13867,S1,6,14,IT,Sukabumi,72.11
23,Laki-laki,7421,D3,0,18,IT,Karawang,72.82
58,Laki-laki,5031,S2,39,70,IT,Bogor,83.07
43,Perempuan,14431,S2,1,39,Production,Bogor,93.39
43,Perempuan,13342,S1,2,69,IT,Bogor,76.04
28,Perempuan,4415,SMA,4,31,Finance,Bogor,79.33
36,Laki-laki,8644,S1,5,64,Finance,Sukabumi,66.7
27,Perempuan,3619,S2,7,32,Finance,Bekasi,84.6
60,Perempuan,9618,D3,35,20,HR,Bogor,81.11
49,Laki-laki,11724,S1,30,10,Finance,Bekasi,74.91
44,Laki-laki,12693,SMA,16,76,HR,Bekasi,77.32
37,Laki-laki,7793,S1,6,50,Production,Bogor,82.89
20,Laki-laki,10364,D3,1,85,HR,Bekasi,72.92
49,Perempuan,8173,D3,22,40,Finance,Karawang,79.89
28,Laki-laki,8985,D3,7,55,Marketing,Bandung,70.86
43,Laki-laki,11062,S1,14,74,Production,Karawang,80.05
39,Perempuan,5309,S1,17,91,HR,Bandung,70.58
48,Perempuan,13868,D3,29,50,Production,Bekasi,59.06
57,Perempuan,9024,S1,31,1,HR,Bogor,86.11
46,Perempuan,8582,S2,6,76,Production,Bogor,77.05
39,Laki-laki,6985,D3,1,39,HR,Bekasi,68.03
22,Laki-laki,6534,SMA,3,69,HR,Bekasi,82.16
19,Perempuan,5581,S1,0,92,Production,Sukabumi,76.55
43,Laki-laki,13208,S1,14,19,Marketing,Sukabumi,90.64
34,Perempuan,12573,SMA,0,57,Marketing,Bogor,64.01
19,Perempuan,12137,S2,2,99,Marketing,Bekasi,57.19
29,Laki-laki,3683,D3,8,15,HR,Sukabumi,73.54
24,Perempuan,4011,SMA,5,66,HR,Karawang,78.63
18,Perempuan,7284,S2,0,3,IT,Karawang,79.15
45,Perempuan,14401,SMA,7,12,Production,Sukabumi,70.26
31,Laki-laki,4866,S2,12,29,Finance,Bogor,83.43
41,Laki-laki,4936,SMA,19,24,Production,Karawang,76.37
29,Laki-laki,9146,S2,10,98,HR,Bogor,93.58
37,Perempuan,12232,S2,16,42,Marketing,Sukabumi,61.62
51,Perempuan,13273,D3,20,42,IT,Bandung,62.36
50,Perempuan,6347,SMA,32,68,Production,Bekasi,38.27
38,Perempuan,11359,D3,4,42,IT,Sukabumi,88.02
45,Laki-laki,13633,S1,5,89,HR,Sukabumi,78.51
49,Laki-laki,13075,SMA,29,99,HR,Karawang,78.98
35,Perempuan,5086,D3,6,87,Finance,Bandung,75.02
37,Laki-laki,5278,D3,2,91,Marketing,Karawang,83.91
49,Perempuan,11498,S2,16,84,Marketing,Bogor,53.35
42,Laki-laki,13673,S1,21,66,Marketing,Sukabumi,81.2
59,Perempuan,6760,D3,17,43,HR,Karawang,72.67
18,Laki-laki,14442,SMA,1,45,Marketing,Karawang,81.45
22,Perempuan,9608,S1,5,4,HR,Karawang,88.77
47,Perempuan,3390,S1,13,61,Production,Sukabumi,59.38
20,Laki-laki,6080,S1,2,60,IT,Bandung,65.14
21,Perempuan,12993,S1,2,54,HR,Bogor,68.85
29,Perempuan,13834,SMA,9,44,IT,Karawang,70.37
27,Laki-laki,12994,SMA,7,0,Production,Sukabumi,77.14
41,Perempuan,7405,S1,6,91,Production,Bandung,74.47
59,Perempuan,3058,S2,29,31,Production,Bogor,73.84
31,Laki-laki,7199,S2,8,69,Marketing,Bandung,66.59
59,Laki-laki,13055,S2,4,25,Finance,Sukabumi,87.16
40,Laki-laki,3549,S1,22,23,HR,Bekasi,68.38
47,Laki-laki,14012,SMA,18,28,HR,Bekasi,90.87
20,Laki-laki,3981,D3,1,33,Finance,Karawang,78.9
55,Perempuan,12060,SMA,26,28,HR,Bekasi,79.52
56,Laki-laki,6576,SMA,29,24,Finance,Bandung,65.43
49,Perempuan,14728,SMA,31,79,Marketing,Bogor,66.35
37,Perempuan,8630,SMA,10,7,Finance,Karawang,58.33
57,Perempuan,5277,S2,26,55,Marketing,Sukabumi,75.59
33,Laki-laki,6988,SMA,5,81,Marketing,Bekasi,73.59
37,Laki-laki,12014,D3,6,58,Production,Karawang,90.01
26,Laki-laki,10307,D3,2,17,HR,Bogor,75.09
47,Perempuan,14460,SMA,29,54,IT,Karawang,85.56
31,Perempuan,4510,D3,10,36,Marketing,Bogor,88.5
48,Laki-laki,7628,S1,9,80,Production,Karawang,78.86
57,Perempuan,5189,S1,31,31,Production,Bandung,71.67
26,Laki-laki,13907,S2,6,45,IT,Sukabumi,90.35
46,Laki-laki,3556,S1,17,56,Production,Bogor,89.49
25,Laki-laki,11080,D3,6,6,Production,Sukabumi,78.58
47,Laki-laki,7679,SMA,13,73,IT,Bogor,69.07
44,Perempuan,4873,S2,0,39,HR,Karawang,76.52
47,Laki-laki,5698,SMA,19,3,Production,Sukabumi,73.31
60,Perempuan,14079,D3,27,51,Production,Bandung,77.3
28,Laki-laki,13197,D3,2,31,Production,Bekasi,75.0
40,Perempuan,13016,S2,6,47,Marketing,Karawang,80.07
49,Laki-laki,7274,D3,26,70,Finance,Sukabumi,100.0
20,Perempuan,11916,D3,0,38,HR,Bekasi,82.25
45,Laki-laki,7360,SMA,26,51,Finance,Karawang,60.9
31,Laki-laki,9994,S1,11,81,Production,Sukabumi,97.01
30,Laki-laki,9997,S2,10,99,Finance,Sukabumi,59.76
49,Laki-laki,7571,S1,30,55,Production,Bekasi,65.03
47,Perempuan,13137,S2,7,12,Marketing,Karawang,85.18
45,Perempuan,4005,SMA,3,50,Production,Karawang,68.08
53,Perempuan,11938,SMA,17,58,Finance,Bekasi,91.52
30,Perempuan,8666,S2,5,93,Production,Bekasi,60.21
58,Perempuan,9293,SMA,20,35,Marketing,Sukabumi,66.28
38,Laki-laki,10015,S1,21,95,Marketing,Bogor,80.54
43,Laki-laki,10439,D3,15,94,Marketing,Sukabumi,74.3
40,Perempuan,12504,S1,3,8,IT,Sukabumi,74.84
40,Perempuan,7186,D3,22,38,Production,Bandung,76.85
29,Laki-laki,3403,D3,10,71,Production,Karawang,83.15
19,Laki-laki,13919,D3,1,33,Finance,Bandung,68.7
59,Perempuan,11368,D3,30,20,Marketing,Bandung,69.2
50,Laki-laki,6907,D3,6,49,Marketing,Sukabumi,59.83
47,Laki-laki,13672,S2,1,75,Finance,Karawang,72.6
25,Perempuan,9008,D3,0,62,HR,Karawang,100.0
31,Laki-laki,7102,S1,11,47,Production,Bogor,76.27
21,Laki-laki,13599,S1,3,56,Marketing,Bandung,74.41
47,Perempuan,13715,SMA,27,84,Marketing,Karawang,87.0
44,Perempuan,9885,S1,19,31,HR,Karawang,89.29
22,Laki-laki,5480,S2,3,82,IT,Sukabumi,86.92
23,Laki-laki,9565,D3,2,91,Finance,Bogor,69.81
47,Laki-laki,6091,D3,25,77,Marketing,Bandung,80.15
37,Laki-laki,7156,SMA,3,41,Finance,Karawang,73.16
20,Perempuan,14758,SMA,3,3,Production,Sukabumi,50.25
54,Laki-laki,14913,D3,34,67,HR,Sukabumi,70.68
30,Laki-laki,7854,S2,10,99,HR,Sukabumi,99.53
41,Laki-laki,12856,D3,2,45,Finance,Bogor,61.63
36,Perempuan,3234,S2,19,93,HR,Bandung,75.71
26,Perempuan,4678,S2,8,28,HR,Karawang,71.03
28,Perempuan,3935,S1,7,16,Finance,Karawang,77.36
40,Perempuan,12407,S1,21,27,Finance,Karawang,82.08
54,Laki-laki,6078,S1,13,13,Marketing,Bogor,72.5
29,Perempuan,8826,S1,5,52,Production,Bogor,84.24
35,Perempuan,7295,D3,7,80,Production,Bekasi,99.96
57,Laki-laki,11912,SMA,23,41,Marketing,Bekasi,87.74
35,Laki-laki,14682,D3,6,85,Production,Karawang,72.1
24,Perempuan,11530,S1,5,47,Marketing,Bekasi,77.05
39,Laki-laki,8158,S1,14,84,Marketing,Bogor,65.15
44,Perempuan,9902,D3,2,93,IT,Bekasi,77.31
27,Laki-laki,12548,S2,10,95,Production,Bandung,77.87
58,Perempuan,3304,S2,35,63,Finance,Bandung,75.95
51,Laki-laki,14500,SMA,2,40,Finance,Karawang,58.54
52,Perempuan,11809,S2,26,23,Production,Bogor,69.54
50,Perempuan,9857,D3,1,32,Marketing,Sukabumi,91.3
35,Perempuan,6586,S2,13,70,Marketing,Sukabumi,95.38
44,Perempuan,12701,D3,7,91,HR,Sukabumi,73.75
50,Laki-laki,9166,D3,22,60,Marketing,Bekasi,94.88
46,Laki-laki,6765,S1,6,87,HR,Bogor,61.59
48,Perempuan,13877,SMA,29,22,IT,Bandung,66.05
20,Perempuan,12310,S1,1,19,Production,Bogor,85.47
42,Laki-laki,5581,D3,5,17,IT,Bogor,74.91
25,Laki-laki,11199,D3,3,46,Marketing,Karawang,80.61
25,Laki-laki,8098,SMA,6,51,IT,Bandung,75.61
51,Perempuan,8007,D3,25,24,HR,Bandung,75.45
19,Laki-laki,7463,S1,1,76,Finance,Bekasi,94.42
45,Perempuan,8341,S2,12,33,Marketing,Bogor,81.36
39,Perempuan,9245,D3,1,68,Production,Bogor,71.09
49,Perempuan,12161,D3,25,49,Finance,Bogor,63.02
39,Perempuan,3810,S2,20,92,IT,Bandung,80.77
44,Perempuan,8379,S1,3,72,Production,Karawang,75.45
37,Laki-laki,14499,SMA,15,48,Production,Bandung,58.11
59,Laki-laki,13312,D3,30,92,IT,Bekasi,72.8
21,Perempuan,4064,S1,4,90,Finance,Karawang,89.67
33,Perempuan,6894,S1,1,18,Production,Bandung,69.75
21,Laki-laki,8486,S1,0,100,Marketing,Sukabumi,67.46
45,Perempuan,11812,S1,6,77,HR,Bogor,81.13
42,Perempuan,10416,SMA,4,58,HR,Bandung,80.31
22,Perempuan,14245,S2,3,53,Marketing,Bekasi,75.29
53,Laki-laki,6786,S1,29,37,Finance,Bogor,78.94
46,Laki-laki,4842,D3,16,6,HR,Karawang,66.88
46,Perempuan,11940,SMA,24,99,HR,Bandung,82.04
32,Perempuan,11177,SMA,12,97,HR,Bogor,80.19
58,Perempuan,7804,SMA,25,54,Finance,Sukabumi,77.71
44,Perempuan,7809,SMA,2,21,IT,Bogor,78.76
37,Laki-laki,7205,SMA,13,71,Production,Bandung,71.11
48,Perempuan,6818,D3,19,81,Finance,Bekasi,84.65
34,Laki-laki,10478,S2,6,89,Production,Sukabumi,71.09
30,Laki-laki,6029,D3,5,69,HR,Bogor,69.02
19,Laki-laki,14345,SMA,2,20,Production,Sukabumi,74.95
51,Laki-laki,3477,S1,34,86,IT,Karawang,68.48
35,Laki-laki,14206,S1,13,47,IT,Bekasi,39.4
49,Perempuan,9744,SMA,8,23,HR,Bandung,71.14
51,Laki-laki,10003,D3,4,64,Marketing,Bogor,91.44
39,Laki-laki,4951,S2,14,35,Marketing,Sukabumi,86.9
26,Laki-laki,12895,SMA,5,29,HR,Sukabumi,64.53
33,Perempuan,13799,S1,15,46,Finance,Bekasi,60.24
33,Perempuan,3272,SMA,2,63,Production,Bandung,76.21
53,Perempuan,6821,S1,7,60,Finance,Karawang,78.92
20,Perempuan,13908,SMA,2,60,IT,Bekasi,72.92
23,Laki-laki,3061,SMA,5,3,Production,Bekasi,70.82
29,Perempuan,8267,D3,7,79,IT,Sukabumi,78.31
48,Laki-laki,5570,D3,8,92,Finance,Karawang,83.9
43,Laki-laki,12389,SMA,17,73,Marketing,Bekasi,85.06
20,Laki-laki,6575,D3,2,21,HR,Karawang,77.41
20,Laki-laki,8642,S2,3,69,Finance,Bekasi,76.14
59,Laki-laki,9190,SMA,13,74,Production,Bekasi,80.07
56,Perempuan,5740,SMA,6,69,IT,Karawang,85.26
52,Perempuan,6996,S1,33,94,Production,Sukabumi,78.61
35,Perempuan,14056,D3,17,86,HR,Bogor,80.93
21,Perempuan,10419,SMA,4,24,Finance,Bandung,74.89
20,Perempuan,13378,D3,2,84,HR,Bandung,74.42
37,Perempuan,5103,S2,13,6,Finance,Sukabumi,65.48
21,Perempuan,12996,S2,4,60,IT,Bogor,89.97
45,Laki-laki,8350,SMA,25,77,IT,Bekasi,76.5
33,Laki-laki,13079,D3,4,72,IT,Sukabumi,76.15
25,Perempuan,11474,S1,8,10,Production,Bogor,80.77
42,Laki-laki,13434,S2,11,96,HR,Bogor,84.28
19,Perempuan,8283,S2,1,70,Marketing,Bandung,77.11
24,Laki-laki,13401,S2,4,49,Marketing,Bogor,67.25
59,Laki-laki,10075,S2,40,92,Finance,Bekasi,64.73
43,Laki-laki,6426,S1,18,80,Production,Karawang,68.35
45,Laki-laki,13360,SMA,5,58,Production,Bandung,80.19
34,Laki-laki,5258,D3,16,10,Finance,Bogor,71.25
19,Laki-laki,5691,D3,0,31,Finance,Sukabumi,77.57
38,Perempuan,14122,D3,12,4,Production,Sukabumi,73.86
36,Laki-laki,11232,D3,5,87,Marketing,Bogor,81.74
20,Laki-laki,10406,D3,3,26,Production,Bekasi,70.77
26,Laki-laki,7988,S1,0,46,Finance,Bogor,63.21
57,Perempuan,4008,S2,29,71,Marketing,Sukabumi,95.47
56,Perempuan,8630,S2,34,0,Production,Bogor,67.62
45,Perempuan,5719,S2,14,23,Marketing,Sukabumi,61.0
47,Laki-laki,14334,S1,9,44,IT,Karawang,59.66
46,Perempuan,10096,S2,18,34,IT,Karawang,87.76
35,Perempuan,3653,S2,14,18,Finance,Sukabumi,68.53
28,Laki-laki,14998,S2,4,83,Production,Sukabumi,69.08
49,Laki-laki,12271,D3,29,60,Production,Karawang,92.12
51,Laki-laki,14976,D3,6,72,Marketing,Bandung,51.66
29,Laki-laki,5814,S2,11,60,Finance,Sukabumi,82.2
49,Perempuan,5780,S2,31,89,Finance,Karawang,83.29
18,Perempuan,6168,S1,1,72,HR,Karawang,77.96
28,Perempuan,8173,SMA,10,59,Production,Bogor,67.54
55,Laki-laki,11013,SMA,6,40,Production,Bogor,75.17
32,Perempuan,3179,S2,7,70,IT,Bogor,75.6
44,Laki-laki,14488,SMA,1,78,Finance,Bandung,66.41
58,Perempuan,13401,D3,32,45,HR,Bandung,76.26
41,Laki-laki,5842,SMA,23,30,IT,Bandung,77.17
27,Perempuan,13146,D3,5,58,HR,Sukabumi,66.65
49,Perempuan,11547,S1,28,99,IT,Bogor,65.54
42,Laki-laki,4122,S1,13,12,HR,Bandung,60.99
46,Perempuan,7076,SMA,17,61,Finance,Bekasi,67.12
43,Laki-laki,14683,S1,24,85,Finance,Bandung,85.68
45,Perempuan,14846,S2,23,1,Marketing,Karawang,77.67
56,Laki-laki,7660,S1,20,62,HR,Bandung,80.22
18,Perempuan,9425,D3,0,76,HR,Bogor,79.78
43,Laki-laki,7696,D3,13,54,Marketing,Bogor,84.97
23,Perempuan,6521,S1,0,67,Production,Bogor,67.73
46,Laki-laki,3707,D3,20,90,Marketing,Sukabumi,63.7
42,Laki-laki,8101,D3,8,43,HR,Bandung,89.83
46,Perempuan,11872,S2,13,7,Marketing,Bogor,74.19
38,Perempuan,6712,S2,15,68,HR,Sukabumi,79.32
25,Laki-laki,12670,D3,6,79,HR,Bandung,82.6
42,Laki-laki,4357,D3,25,31,Marketing,Bekasi,83.34
40,Perempuan,11447,SMA,4,60,Finance,Bekasi,72.36
41,Perempuan,11117,S2,21,34,HR,Bekasi,82.13
60,Perempuan,9811,S1,14,43,Finance,Bogor,72.16
59,Laki-laki,11735,S2,40,5,IT,Bogor,86.61
58,Perempuan,7305,SMA,13,60,HR,Bekasi,85.0
41,Perempuan,4545,S1,4,86,Production,Bogor,82.52
58,Laki-laki,8109,S1,37,69,Production,Bekasi,82.42
37,Laki-laki,9284,S2,5,20,HR,Bogor,80.21
33,Laki-laki,12232,SMA,15,42,IT,Bekasi,78.0
21,Perempuan,4209,S2,2,80,IT,Karawang,79.03
56,Perempuan,4580,S1,9,75,IT,Bekasi,58.37
50,Perempuan,9099,S2,5,66,Finance,Karawang,71.03
35,Laki-laki,7328,SMA,8,58,Finance,Bandung,79.58
47,Laki-laki,4900,S1,8,47,IT,Sukabumi,84.45
57,Laki-laki,13035,S2,0,3,HR,Sukabumi,88.36
54,Perempuan,13268,S1,20,45,Finance,Bandung,80.83
50,Perempuan,9398,SMA,6,28,IT,Bogor,59.53
22,Perempuan,11958,SMA,5,47,Finance,Bekasi,78.07
32,Laki-laki,6081,SMA,8,16,HR,Sukabumi,64.32
45,Perempuan,8566,S1,25,79,Finance,Bandung,85.57
42,Perempuan,8011,S2,9,16,HR,Bekasi,70.75
28,Perempuan,10197,D3,0,49,HR,Bandung,71.59
32,Perempuan,3834,S1,7,83,Production,Karawang,82.31
28,Laki-laki,13281,SMA,2,49,Production,Bogor,94.42
27,Laki-laki,3005,SMA,9,57,HR,Bogor,63.05
22,Perempuan,7092,S2,0,46,Finance,Bekasi,84.0
28,Perempuan,6114,S1,2,37,IT,Sukabumi,89.81
31,Laki-laki,10223,SMA,4,16,IT,Karawang,67.24
40,Laki-laki,5750,S2,10,75,Marketing,Sukabumi,92.98
31,Perempuan,14795,S2,1,59,Production,Bekasi,58.93
32,Perempuan,11138,D3,9,31,HR,Karawang,94.36
20,Laki-laki,12564,SMA,0,70,IT,Bandung,80.2
55,Laki-laki,6162,SMA,26,30,IT,Bekasi,72.48
29,Laki-laki,6483,D3,3,94,HR,Bekasi,61.74
36,Laki-laki,12032,SMA,18,79,Finance,Karawang,65.72
26,Laki-laki,6928,SMA,3,61,Production,Bekasi,72.31
24,Laki-laki,4862,SMA,6,18,Marketing,Karawang,73.95
26,Perempuan,14291,S2,4,45,Marketing,Bekasi,64.91
47,Laki-laki,13132,SMA,30,78,Finance,Bandung,65.14
52,Laki-laki,12540,S1,24,84,HR,Bandung,81.24
43,Perempuan,6759,SMA,23,45,HR,Bogor,61.31
54,Perempuan,3404,D3,27,13,Production,Karawang,81.34
30,Perempuan,14477,S1,5,49,Production,Karawang,93.35
44,Laki-laki,6319,S1,19,76,Marketing,Bandung,74.45
38,Laki-laki,4968,S2,15,82,HR,Bekasi,82.18
52,Laki-laki,10988,D3,17,36,Production,Sukabumi,67.39
44,Perempuan,3449,D3,20,28,Marketing,Sukabumi,65.99
56,Laki-laki,9539,SMA,25,10,HR,Sukabumi,82.79
34,Laki-laki,6457,S2,15,19,Marketing,Bogor,74.29
19,Laki-laki,5461,S1,1,52,Finance,Sukabumi,60.7
22,Laki-laki,13481,SMA,4,60,HR,Bekasi,83.78
34,Perempuan,6789,SMA,15,58,Finance,Karawang,79.6
46,Perempuan,6557,S1,6,12,Marketing,Bekasi,73.79
29,Laki-laki,11156,SMA,6,71,Finance,Sukabumi,73.91
30,Perempuan,14247,D3,1,46,HR,Bekasi,87.6
55,Laki-laki,6565,S1,32,90,IT,Bekasi,70.65
54,Perempuan,10997,SMA,7,23,Production,Sukabumi,79.67
33,Perempuan,14828,D3,16,69,HR,Bogor,89.82
28,Perempuan,8432,D3,1,64,HR,Bandung,74.71
18,Perempuan,3772,SMA,0,36,Production,Bogor,70.56
49,Perempuan,4594,S1,31,60,Marketing,Bekasi,68.7
60,Laki-laki,3172,S1,30,86,Finance,Bogor,70.6
25,Perempuan,8955,S2,6,1,HR,Sukabumi,61.21
52,Perempuan,9154,D3,7,52,IT,Bekasi,87.99
18,Perempuan,4242,SMA,0,28,IT,Bandung,77.92
44,Perempuan,6112,SMA,20,22,Marketing,Karawang,81.25
44,Laki-laki,7346,S2,21,81,Production,Bekasi,75.03
50,Laki-laki,4910,S1,23,7,IT,Bekasi,76.49
35,Perempuan,7242,D3,17,11,Marketing,Karawang,76.51
38,Perempuan,10300,S2,2,43,Production,Bekasi,87.42
32,Perempuan,14127,S2,12,25,Production,Bogor,66.51
38,Laki-laki,11263,SMA,15,18,IT,Sukabumi,82.18
48,Perempuan,3286,S1,13,90,Production,Bogor,100.0
47,Perempuan,12120,SMA,24,41,Finance,Bandung,65.82
24,Perempuan,3445,S1,1,94,Production,Bandung,67.3
23,Perempuan,11125,SMA,4,94,Production,Karawang,71.82
57,Laki-laki,9291,D3,6,65,Production,Bekasi,72.62
29,Laki-laki,6195,S1,3,98,Finance,Sukabumi,79.86
44,Laki-laki,12764,S1,3,20,Finance,Sukabumi,75.2
18,Perempuan,14905,S1,0,8,HR,Bogor,73.79
40,Laki-laki,5997,D3,17,25,HR,Sukabumi,67.47
29,Perempuan,7697,SMA,5,16,Finance,Sukabumi,74.88
24,Perempuan,9422,SMA,1,21,Marketing,Bekasi,77.96
56,Laki-laki,5633,SMA,34,64,IT,Bekasi,60.52
21,Perempuan,12745,SMA,3,70,Marketing,Sukabumi,82.63
26,Perempuan,7984,SMA,4,0,IT,Bekasi,58.06
50,Laki-laki,6933,D3,17,20,IT,Bekasi,72.34
48,Laki-laki,7245,D3,12,84,Marketing,Bandung,91.26
22,Perempuan,10521,S1,2,29,HR,Bandung,62.91
26,Perempuan,9740,S2,1,26,Finance,Bekasi,74.92
40,Laki-laki,12835,SMA,5,77,IT,Bandung,72.66
52,Laki-laki,9372,D3,35,80,IT,Bekasi,76.55
60,Laki-laki,8622,SMA,18,99,HR,Sukabumi,58.66
31,Perempuan,7884,SMA,3,34,Finance,Sukabumi,88.55
54,Laki-laki,3196,D3,29,31,Finance,Sukabumi,80.82
35,Perempuan,3929,D3,13,15,HR,Sukabumi,79.31
20,Perempuan,3601,SMA,2,82,Marketing,Bogor,67.9
60,Laki-laki,14835,D3,12,90,HR,Bandung,80.53
49,Perempuan,5546,D3,17,17,IT,Sukabumi,60.05
45,Perempuan,5537,S2,5,24,Marketing,Bogor,69.71
51,Laki-laki,14843,D3,9,89,IT,Sukabumi,75.95
25,Perempuan,3850,D3,0,34,IT,Sukabumi,80.7
50,Perempuan,12977,D3,4,82,Production,Bandung,61.83
45,Laki-laki,14088,SMA,17,63,Marketing,Sukabumi,69.83
45,Laki-laki,3350,SMA,20,23,Production,Bandung,73.46
29,Laki-laki,12124,SMA,8,6,HR,Bandung,90.99
55,Perempuan,9394,S1,26,72,Finance,Sukabumi,61.46
55,Laki-laki,5708,D3,23,91,HR,Bogor,83.6
59,Perempuan,9141,S1,41,95,Production,Bogor,72.7
51,Perempuan,7563,S2,31,34,Marketing,Bandung,72.25
29,Laki-laki,5837,D3,2,60,HR,Sukabumi,81.37
47,Perempuan,6514,S1,10,15,HR,Bekasi,71.15
52,Laki-laki,5180,SMA,18,54,HR,Bekasi,70.49
39,Laki-laki,7444,SMA,12,48,Marketing,Bekasi,70.36
32,Laki-laki,14864,D3,8,37,Finance,Karawang,72.41
46,Perempuan,10125,S2,23,83,IT,Bogor,54.32
32,Perempuan,12894,S2,10,78,HR,Karawang,76.01
52,Perempuan,13501,S1,3,84,Production,Sukabumi,73.95
37,Perempuan,5578,S2,2,47,IT,Sukabumi,80.34
51,Perempuan,9126,SMA,11,30,IT,Bogor,75.39
46,Laki-laki,10739,S2,13,56,HR,Bandung,82.43
20,Laki-laki,9601,S2,0,92,Production,Sukabumi,84.45
20,Perempuan,5776,SMA,2,9,Marketing,Karawang,83.77
26,Perempuan,10934,SMA,4,13,Finance,Bandung,82.15
22,Perempuan,3360,D3,1,20,Marketing,Sukabumi,96.46
21,Perempuan,14102,S1,2,14,Finance,Sukabumi,78.62
31,Perempuan,3574,D3,9,77,Marketing,Bogor,72.92
19,Perempuan,4818,D3,1,77,Production,Sukabumi,79.0
20,Laki-laki,9745,S1,2,20,Production,Bogor,75.53
44,Laki-laki,14083,S2,3,45,Production,Sukabumi,82.7
29,Laki-laki,3988,S1,5,58,Finance,Bogor,71.16
35,Laki-laki,14517,D3,14,44,Marketing,Bogor,86.56
42,Perempuan,8375,S2,23,98,Marketing,Karawang,73.37
55,Laki-laki,13820,SMA,9,33,HR,Bandung,80.44
20,Laki-laki,12256,SMA,0,82,Finance,Bekasi,64.73
42,Laki-laki,9922,S2,25,39,Marketing,Sukabumi,83.86
54,Laki-laki,10251,S1,16,20,Finance,Karawang,69.95
48,Laki-laki,11107,D3,1,83,Finance,Bogor,71.55
35,Laki-laki,6205,S2,5,59,Marketing,Sukabumi,62.31
56,Laki-laki,5700,SMA,27,89,Marketing,Bandung,59.54
22,Laki-laki,9886,S2,3,58,IT,Bogor,80.8
56,Perempuan,4628,D3,31,90,Finance,Karawang,61.79
55,Perempuan,11818,SMA,23,30,Finance,Bogor,52.3
41,Laki-laki,10072,SMA,14,5,Production,Bandung,60.26
51,Perempuan,5222,D3,12,36,Production,Bekasi,66.11
28,Perempuan,11837,SMA,10,37,IT,Bogor,96.54
28,Perempuan,10370,D3,11,45,Production,Sukabumi,57.65
58,Laki-laki,14842,S1,6,91,Finance,Bandung,67.18
40,Laki-laki,12183,S1,3,41,Production,Bekasi,74.93
57,Laki-laki,11690,S1,19,62,IT,Bekasi,59.26
25,Laki-laki,13030,D3,1,71,Finance,Bandung,81.31
22,Laki-laki,14735,SMA,1,84,HR,Bogor,72.91
26,Perempuan,3014,SMA,3,61,IT,Karawang,65.94
32,Laki-laki,5707,D3,1,83,IT,Karawang,79.49
50,Perempuan,14089,SMA,27,76,Finance,Karawang,83.2
23,Perempuan,11383,D3,3,53,Finance,Bekasi,65.53
37,Perempuan,5953,S2,10,48,Production,Bandung,87.68
55,Laki-laki,11111,S1,13,86,Finance,Karawang,76.74
36,Perempuan,13355,S1,3,70,IT,Karawang,78.81
34,Laki-laki,8536,D3,1,18,IT,Bandung,82.52
49,Laki-laki,5508,D3,3,63,Marketing,Bekasi,94.92
57,Laki-laki,6557,S2,9,30,Finance,Bandung,89.74
57,Perempuan,11409,S2,32,36,Production,Karawang,70.37
58,Perempuan,8912,S2,30,6,Finance,Karawang,70.45
57,Laki-laki,9818,S1,37,33,Marketing,Sukabumi,86.74
52,Laki-laki,13299,S1,12,44,Finance,Bandung,58.22
41,Laki-laki,14640,S2,24,66,Production,Bandung,62.74
35,Laki-laki,13846,SMA,13,9,IT,Karawang,59.24
42,Perempuan,9418,D3,7,84,HR,Sukabumi,88.36
38,Perempuan,13475,D3,12,38,Finance,Bogor,70.53
18,Perempuan,6399,S1,0,69,IT,Sukabumi,54.04
58,Laki-laki,9842,D3,37,8,IT,Sukabumi,75.83
39,Perempuan,6619,S1,5,48,Marketing,Bekasi,76.5
20,Laki-laki,12301,S1,2,33,HR,Bogor,62.35
18,Perempuan,13185,S2,0,86,Production,Sukabumi,95.26
18,Laki-laki,9492,S1,1,55,IT,Sukabumi,67.96
55,Laki-laki,14274,D3,13,84,Production,Bogor,77.91
34,Laki-laki,10839,S1,2,81,Production,Karawang,86.55
27,Perempuan,9705,SMA,7,53,HR,Sukabumi,76.86
40,Laki-laki,11601,S2,5,10,IT,Bogor,77.4
53,Perempuan,11487,SMA,6,96,Finance,Bekasi,92.92
27,Perempuan,3689,S1,5,10,HR,Sukabumi,75.38
22,Perempuan,7780,SMA,3,9,IT,Karawang,73.04
54,Perempuan,8653,S1,1,17,Finance,Bogor,98.33
50,Perempuan,7184,S1,33,29,Finance,Bandung,72.39
54,Laki-laki,4293,D3,6,33,HR,Sukabumi,90.62
31,Perempuan,8473,D3,2,24,Marketing,Sukabumi,98.09
42,Perempuan,14985,SMA,20,82,Marketing,Bogor,92.68
26,Perempuan,7999,S1,9,100,Finance,Bogor,71.04
55,Laki-laki,11766,S2,14,58,Finance,Karawang,72.2
48,Laki-laki,11554,SMA,0,19,Production,Karawang,66.62
58,Perempuan,12469,SMA,23,76,IT,Bogor,77.11
60,Laki-laki,14183,S1,37,87,HR,Bekasi,72.13
47,Perempuan,9227,S2,3,1,Finance,Bogor,81.66
26,Perempuan,10724,S2,3,83,IT,Bandung,100.0
41,Perempuan,13155,D3,7,68,Marketing,Karawang,74.56
28,Perempuan,11682,S2,11,72,Production,Sukabumi,83.92
53,Perempuan,13918,D3,13,86,Production,Bogor,73.68
18,Laki-laki,13967,S1,1,68,HR,Karawang,85.16
23,Perempuan,6437,SMA,1,58,Production,Karawang,52.8
31,Perempuan,8047,S2,1,56,Marketing,Bekasi,93.04
59,Laki-laki,4093,S2,9,41,HR,Bekasi,79.54
30,Perempuan,5377,S2,6,88,IT,Bekasi,80.77
19,Perempuan,10841,D3,1,87,Finance,Karawang,67.57
36,Perempuan,12270,S2,4,60,Production,Sukabumi,74.74
50,Perempuan,3546,S1,24,14,Production,Bogor,92.5
44,Perempuan,14406,SMA,7,33,Finance,Bekasi,62.73
42,Laki-laki,14206,S1,2,2,HR,Bogor,72.4
49,Laki-laki,8981,S2,18,0,Marketing,Bekasi,78.26
41,Laki-laki,5418,SMA,14,18,Production,Sukabumi,93.02
33,Laki-laki,4691,S2,1,32,IT,Bekasi,71.81
19,Perempuan,3173,D3,0,93,Finance,Bandung,73.01
35,Laki-laki,4347,S2,5,92,Production,Sukabumi,95.19
20,Perempuan,6683,D3,3,15,HR,Bekasi,91.19
18,Perempuan,12852,S1,1,60,Finance,Karawang,74.47
57,Perempuan,14732,S2,6,20,Production,Bandung,70.14
36,Perempuan,7092,S2,14,1,IT,Bandung,80.17
30,Perempuan,8646,S2,13,16,IT,Karawang,93.23
39,Laki-laki,5253,SMA,22,57,Finance,Bekasi,83.67
55,Perempuan,9738,D3,38,95,IT,Bogor,67.7
54,Perempuan,12119,S1,8,5,Production,Bekasi,81.59
30,Perempuan,13894,S1,5,33,HR,Bandung,73.67
39,Laki-laki,4689,D3,21,68,Finance,Karawang,95.06
47,Laki-laki,13089,SMA,2,15,IT,Bogor,77.89
40,Laki-laki,14592,SMA,12,57,IT,Bogor,69.13
54,Perempuan,5679,D3,7,51,HR,Sukabumi,71.68
29,Perempuan,8058,SMA,10,96,Production,Bekasi,85.94
27,Laki-laki,3832,S1,2,49,HR,Sukabumi,84.07
29,Perempuan,8279,S1,10,71,IT,Karawang,80.3
42,Perempuan,10198,S1,7,30,Marketing,Karawang,83.19
58,Perempuan,11475,S2,11,73,IT,Sukabumi,74.06
35,Perempuan,10211,SMA,9,53,Finance,Bekasi,43.59
59,Laki-laki,12790,S2,35,27,IT,Bekasi,68.18
51,Laki-laki,8698,S1,32,57,IT,Bogor,75.24
25,Laki-laki,7717,S2,0,44,IT,Bandung,80.59
27,Laki-laki,7454,S1,5,27,HR,Sukabumi,66.17
19,Perempuan,9432,S1,0,3,Production,Bekasi,73.8
59,Perempuan,9332,S1,28,53,Production,Bekasi,72.67
20,Laki-laki,11088,SMA,3,10,IT,Bogor,80.33
46,Laki-laki,11125,SMA,16,79,Marketing,Bandung,68.74
27,Perempuan,13204,D3,8,66,HR,Bandung,83.63
55,Perempuan,10854,SMA,11,91,IT,Bandung,82.07
60,Perempuan,13037,S2,16,3,Finance,Bekasi,69.86
55,Laki-laki,5695,S2,30,56,IT,Bekasi,84.11
55,Perempuan,14743,S1,37,52,HR,Bogor,61.47
45,Laki-laki,7494,SMA,5,31,Production,Sukabumi,59.33
54,Perempuan,13610,S2,30,79,Finance,Bandung,64.87
60,Laki-laki,6948,D3,19,85,Production,Karawang,62.27
34,Laki-laki,4003,S2,6,74,IT,Bekasi,66.61
44,Laki-laki,13621,D3,25,26,Marketing,Bekasi,80.54
26,Perempuan,5449,D3,8,2,Marketing,Bekasi,94.85
39,Perempuan,6765,D3,17,29,IT,Bogor,70.79
52,Perempuan,6430,S2,19,71,HR,Bandung,74.86
54,Laki-laki,14404,S2,37,82,IT,Bekasi,73.37
60,Perempuan,12738,S1,0,52,HR,Bandung,91.03
23,Laki-laki,3417,D3,2,35,HR,Bekasi,90.91
42,Laki-laki,9565,D3,15,37,HR,Bekasi,83.71
28,Perempuan,12229,S2,10,14,HR,Bandung,100.0
19,Perempuan,13932,D3,2,97,Production,Bandung,58.1
36,Perempuan,9588,S2,8,23,HR,Bekasi,78.75
53,Laki-laki,13980,D3,5,91,Finance,Sukabumi,74.83
43,Laki-laki,5210,SMA,16,94,HR,Sukabumi,65.5
30,Laki-laki,6398,D3,6,54,Production,Bandung,71.46
55,Perempuan,4918,SMA,38,70,Finance,Bekasi,83.26
20,Laki-laki,5740,D3,0,12,Marketing,Sukabumi,83.89
27,Laki-laki,6853,S1,9,78,Finance,Bandung,55.35
39,Laki-laki,7949,S2,14,32,IT,Karawang,82.58
30,Perempuan,11995,S2,13,3,Finance,Karawang,81.32
18,Perempuan,8075,SMA,1,43,Finance,Bekasi,69.42
43,Laki-laki,9908,SMA,12,78,IT,Bekasi,71.58
23,Laki-laki,3160,S1,2,38,Marketing,Bandung,61.99
51,Perempuan,10938,S1,32,46,Production,Bekasi,77.4
40,Perempuan,12193,SMA,17,15,Production,Karawang,95.09
60,Perempuan,4446,S1,40,54,Finance,Bogor,79.16
56,Perempuan,11703,SMA,30,26,Finance,Bogor,85.15
60,Perempuan,7103,SMA,28,14,Production,Sukabumi,84.73
37,Perempuan,3126,S1,19,94,Marketing,Karawang,57.97
20,Perempuan,14689,S2,2,29,IT,Sukabumi,80.36
21,Laki-laki,7222,S2,4,39,IT,Bekasi,55.5
42,Laki-laki,14243,SMA,7,95,Finance,Bekasi,83.64
48,Laki-laki,12594,S2,11,26,Marketing,Bogor,85.45
41,Laki-laki,14965,S2,22,2,IT,Sukabumi,65.9
36,Perempuan,6227,S2,15,55,IT,Bogor,69.0
35,Laki-laki,5356,S2,5,82,HR,Bandung,58.69
43,Perempuan,12774,S1,6,11,IT,Sukabumi,72.45
22,Laki-laki,5166,S1,5,75,Finance,Bogor,65.92
36,Perempuan,3014,D3,1,24,IT,Sukabumi,64.57
52,Laki-laki,7179,D3,2,25,Production,Bandung,71.01
21,Perempuan,10365,D3,3,1,HR,Bogor,86.43
32,Laki-laki,7888,S2,14,51,IT,Bekasi,73.44
44,Perempuan,5789,SMA,8,28,HR,Karawang,56.94
60,Laki-laki,12195,S1,2,39,HR,Karawang,61.22
19,Laki-laki,5585,SMA,1,65,Finance,Sukabumi,74.73
41,Laki-laki,3796,SMA,21,77,HR,Bekasi,74.05
18,Laki-laki,8574,D3,1,35,Production,Bogor,76.22
27,Perempuan,13648,S2,5,38,IT,Bandung,82.73
29,Perempuan,13375,S1,2,13,Marketing,Bogor,88.16
18,Perempuan,9870,S2,1,86,HR,Bogor,100.0
22,Perempuan,7101,S2,3,90,HR,Bogor,84.83
33,Laki-laki,9542,SMA,11,50,Production,Karawang,73.73
57,Perempuan,12646,D3,11,53,Production,Sukabumi,66.51
57,Laki-laki,5207,S2,8,54,Finance,Karawang,88.49
23,Perempuan,13383,D3,4,73,IT,Bandung,60.98
20,Laki-laki,6061,S2,2,79,Finance,Karawang,67.4
39,Perempuan,4041,S2,21,86,IT,Bekasi,83.5
56,Perempuan,12374,SMA,7,56,Finance,Sukabumi,78.96
30,Perempuan,8907,S1,1,11,Marketing,Karawang,75.49
58,Perempuan,6148,D3,8,8,HR,Bogor,76.62
52,Laki-laki,12661,S2,30,99,Marketing,Sukabumi,75.76
26,Perempuan,11052,S1,7,52,HR,Bekasi,67.05
40,Laki-laki,7075,S1,2,40,Marketing,Sukabumi,65.21
46,Perempuan,7182,S1,8,74,IT,Sukabumi,68.91
34,Laki-laki,10531,S2,11,53,Finance,Karawang,68.99
53,Perempuan,4841,S2,21,62,Production,Bekasi,69.33
32,Perempuan,14381,SMA,0,74,Marketing,Bekasi,60.82
37,Laki-laki,13223,SMA,1,27,Finance,Karawang,78.96
55,Perempuan,7894,SMA,20,29,IT,Sukabumi,49.79
37,Laki-laki,12871,SMA,0,57,Finance,Karawang,82.9
60,Perempuan,5685,S2,21,86,IT,Karawang,58.2
19,Perempuan,10073,S2,1,85,Marketing,Bandung,76.24
31,Laki-laki,7853,S1,10,54,Finance,Sukabumi,79.46
44,Laki-laki,10738,D3,0,60,Marketing,Sukabumi,88.49
47,Perempuan,9725,SMA,26,9,Finance,Karawang,79.15
22,Laki-laki,6073,S2,5,29,HR,Karawang,66.8
46,Laki-laki,4239,D3,21,87,Finance,Karawang,80.24
51,Perempuan,8444,SMA,20,14,HR,Bekasi,79.02
26,Laki-laki,14367,SMA,5,29,IT,Karawang,76.87
33,Perempuan,7490,S1,12,32,Production,Karawang,76.74
24,Perempuan,7586,SMA,2,51,Production,Karawang,82.97
33,Perempuan,5883,SMA,10,1,HR,Bekasi,71.76
40,Perempuan,13604,D3,15,30,Finance,Sukabumi,50.39
19,Perempuan,11734,D3,0,70,HR,Sukabumi,85.87
47,Laki-laki,10427,S1,17,12,HR,Sukabumi,83.05
18,Perempuan,10413,D3,1,15,HR,Bandung,73.41
20,Laki-laki,4193,SMA,2,55,Production,Karawang,84.91
41,Perempuan,10611,S2,3,53,IT,Karawang,61.1
42,Perempuan,9073,S2,13,89,Marketing,Bogor,59.52
59,Laki-laki,10860,SMA,13,95,IT,Bogor,77.23
51,Laki-laki,5013,D3,3,31,IT,Sukabumi,76.07
58,Perempuan,10968,D3,1,15,HR,Bandung,66.94
42,Laki-laki,7787,D3,7,63,HR,Bekasi,60.37
31,Laki-laki,11955,S2,11,54,HR,Bekasi,67.86
56,Perempuan,14851,S2,3,91,IT,Bogor,68.99
28,Perempuan,14633,S1,4,19,HR,Bandung,88.47
50,Laki-laki,7757,SMA,8,71,IT,Sukabumi,57.76
43,Perempuan,12751,SMA,11,81,Marketing,Karawang,81.7
36,Laki-laki,9254,S1,15,25,HR,Bekasi,69.78
30,Perempuan,5602,D3,12,54,Production,Bekasi,79.38
34,Laki-laki,8197,S2,6,93,Marketing,Sukabumi,83.63
37,Laki-laki,11547,S1,12,68,Marketing,Bekasi,65.91
25,Laki-laki,9606,S2,1,72,Marketing,Karawang,69.58
51,Laki-laki,10398,S1,0,47,Marketing,Bandung,79.8
56,Perempuan,4482,S2,20,17,Finance,Karawang,66.78
50,Laki-laki,13386,SMA,3,59,HR,Sukabumi,69.27
21,Perempuan,5791,D3,4,74,Finance,Bogor,74.85
34,Laki-laki,7341,SMA,1,57,IT,Bekasi,71.46
19,Laki-laki,4123,S2,2,50,IT,Bogor,77.21
59,Laki-laki,10451,S2,10,48,IT,Bogor,78.25
23,Perempuan,12025,S1,2,89,Marketing,Sukabumi,69.43
30,Perempuan,7544,SMA,3,2,Marketing,Bekasi,62.21
58,Perempuan,3529,S2,33,47,Marketing,Bekasi,79.53
25,Laki-laki,13097,SMA,2,79,IT,Bogor,73.03
29,Laki-laki,3183,D3,12,7,HR,Bekasi,90.91
42,Perempuan,7710,D3,20,12,Finance,Bekasi,78.34
49,Laki-laki,10962,S1,8,78,IT,Sukabumi,85.31
21,Perempuan,3380,SMA,2,71,Finance,Karawang,73.52
55,Perempuan,8234,S2,20,99,Finance,Sukabumi,97.39
20,Perempuan,14766,S2,2,89,Marketing,Bekasi,72.38
21,Perempuan,4273,SMA,2,16,Finance,Bandung,87.53
21,Laki-laki,12800,D3,0,32,Marketing,Bogor,71.66
41,Laki-laki,14489,SMA,15,52,IT,Karawang,71.13
51,Laki-laki,8929,S2,24,85,IT,Karawang,66.15
48,Laki-laki,6779,SMA,19,31,IT,Bogor,64.91
36,Laki-laki,10199,S1,3,67,IT,Sukabumi,74.4
30,Laki-laki,7447,S2,6,77,IT,Bandung,83.11
34,Perempuan,8058,D3,14,60,Production,Bogor,86.42
51,Perempuan,12560,S1,33,82,Marketing,Karawang,86.23
60,Perempuan,14561,S2,4,38,IT,Karawang,60.31
53,Perempuan,7615,S1,2,47,Production,Bekasi,83.41
55,Perempuan,9375,SMA,8,87,HR,Bogor,96.71
28,Laki-laki,6869,S2,7,74,Marketing,Bekasi,74.86
54,Perempuan,7029,D3,9,57,Marketing,Karawang,78.92
51,Perempuan,13577,D3,34,95,IT,Sukabumi,61.99
50,Perempuan,14087,S2,10,99,IT,Bogor,78.86
20,Laki-laki,9808,S1,2,41,IT,Bandung,92.56
46,Perempuan,12740,SMA,14,23,IT,Bekasi,86.94
38,Laki-laki,13476,S2,1,54,Marketing,Sukabumi,71.51
19,Laki-laki,9978,SMA,0,6,Marketing,Bandung,79.4
32,Laki-laki,9203,SMA,5,17,IT,Bogor,63.31
28,Laki-laki,10151,S1,10,90,HR,Karawang,91.57
51,Laki-laki,10197,S2,13,67,Finance,Bandung,69.49
51,Laki-laki,12493,SMA,33,76,Marketing,Bogor,77.31
35,Perempuan,13339,D3,9,68,IT,Bandung,69.21
51,Perempuan,9363,S1,30,87,HR,Bekasi,72.08
33,Laki-laki,14214,SMA,7,70,IT,Sukabumi,61.14
32,Laki-laki,14849,D3,12,29,Finance,Bandung,86.73
24,Laki-laki,5853,D3,5,96,IT,Karawang,61.94
33,Perempuan,14929,S2,14,17,Finance,Bogor,64.5
18,Laki-laki,4090,S1,0,22,Finance,Karawang,83.54
22,Laki-laki,6545,D3,0,100,HR,Bogor,71.4
25,Perempuan,8406,S1,5,27,Production,Bandung,88.67
27,Perempuan,12053,D3,4,4,Finance,Bekasi,82.75
48,Perempuan,12715,D3,31,4,Marketing,Bandung,65.74
37,Laki-laki,4272,SMA,4,70,Marketing,Bekasi,75.12
27,Perempuan,11695,S1,2,25,Marketing,Bogor,67.67
56,Laki-laki,5248,SMA,0,40,Marketing,Bandung,67.74
27,Laki-laki,4868,D3,10,75,HR,Sukabumi,68.41
22,Perempuan,7570,S2,2,89,Finance,Bekasi,79.86
22,Perempuan,11003,SMA,5,29,Marketing,Bandung,76.63
33,Perempuan,8021,D3,6,98,HR,Karawang,94.84
38,Perempuan,7522,D3,11,47,IT,Bekasi,73.31
52,Laki-laki,13371,S2,12,37,Marketing,Bekasi,74.34
30,Laki-laki,3477,SMA,7,76,Marketing,Bekasi,78.66
55,Perempuan,12224,SMA,4,20,Marketing,Karawang,73.46
33,Laki-laki,13992,D3,14,27,Production,Bogor,85.16
26,Laki-laki,8600,S2,7,90,Production,Sukabumi,66.01
58,Perempuan,4339,S2,25,48,Production,Bogor,75.33
48,Laki-laki,4086,S2,11,84,IT,Karawang,53.84
56,Perempuan,7103,S2,34,100,Finance,Bekasi,84.43
40,Laki-laki,6358,SMA,15,92,IT,Bogor,98.24
43,Perempuan,4200,S1,18,16,HR,Bandung,71.69
26,Perempuan,13111,D3,5,53,HR,Karawang,58.66
57,Laki-laki,5768,S1,15,19,Finance,Bandung,79.02
55,Perempuan,8705,S2,36,22,Marketing,Bogor,85.67
24,Laki-laki,8581,SMA,3,62,Finance,Sukabumi,98.98
21,Laki-laki,11362,SMA,0,84,Marketing,Bekasi,76.54
42,Perempuan,4950,SMA,2,88,HR,Sukabumi,93.71
38,Perempuan,11479,SMA,1,45,Marketing,Karawang,82.87
57,Perempuan,14157,S2,30,95,HR,Sukabumi,87.81
28,Laki-laki,14684,SMA,11,17,Finance,Sukabumi,82.83
19,Laki-laki,5438,SMA,2,59,HR,Bogor,73.97
57,Perempuan,7328,S1,16,59,Marketing,Bandung,60.09
20,Laki-laki,8144,D3,2,86,Production,Sukabumi,93.46
36,Perempuan,12604,S1,5,84,Marketing,Bogor,72.57
40,Perempuan,13814,SMA,3,96,Marketing,Bekasi,96.69
40,Perempuan,3629,SMA,7,70,Production,Bogor,65.97
36,Laki-laki,4386,D3,2,16,IT,Bogor,82.93
30,Perempuan,7881,S2,7,92,IT,Bandung,68.41
51,Perempuan,12610,D3,22,81,Finance,Bekasi,73.94
19,Laki-laki,14642,S1,2,59,IT,Karawang,64.1
37,Perempuan,13590,S2,3,71,IT,Karawang,88.61
34,Laki-laki,10928,S2,15,22,Marketing,Bekasi,70.4
56,Perempuan,4851,S2,39,50,Finance,Bekasi,82.91
27,Laki-laki,5705,D3,4,51,HR,Sukabumi,78.06
27,Laki-laki,5033,S1,8,14,Finance,Bandung,77.52
57,Laki-laki,11137,D3,37,39,HR,Karawang,69.52
28,Perempuan,4336,S1,1,56,Marketing,Karawang,70.09
22,Perempuan,9211,SMA,0,56,Finance,Bandung,82.06
39,Laki-laki,11222,D3,4,83,Finance,Sukabumi,71.45
29,Perempuan,8317,S1,3,22,Finance,Sukabumi,91.11
30,Laki-laki,13700,S2,7,27,Production,Bekasi,66.67
39,Perempuan,14347,S1,13,70,Marketing,Bogor,56.69
21,Perempuan,9136,SMA,0,90,Production,Sukabumi,64.96
30,Laki-laki,6651,SMA,7,59,Finance,Karawang,88.15
26,Laki-laki,4715,D3,4,45,IT,Bekasi,62.03
29,Laki-laki,10115,D3,0,28,HR,Karawang,68.06
28,Perempuan,13816,S2,5,32,IT,Bekasi,83.5
22,Perempuan,11304,SMA,3,97,Production,Bogor,86.37
34,Laki-laki,4598,S1,14,71,Production,Sukabumi,92.99
33,Laki-laki,11907,S2,14,88,IT,Bogor,77.89
52,Perempuan,13881,D3,10,93,HR,Bandung,90.23
26,Laki-laki,10697,D3,1,94,IT,Bandung,64.73
43,Laki-laki,5667,S2,9,76,Production,Karawang,91.31
40,Perempuan,10583,SMA,8,57,HR,Bekasi,61.4
59,Laki-laki,8718,S2,33,95,HR,Sukabumi,62.69
22,Laki-laki,7045,S1,3,34,Finance,Bandung,55.26
39,Laki-laki,13246,S2,20,11,Production,Bekasi,77.39
54,Perempuan,4322,S1,33,92,Production,Karawang,66.29
23,Perempuan,3830,D3,6,75,Marketing,Bekasi,85.53
57,Perempuan,14694,S1,27,23,Production,Bandung,82.72
36,Laki-laki,6405,S1,15,100,IT,Karawang,58.24
52,Laki-laki,11616,S1,31,61,Finance,Bogor,65.3
19,Laki-laki,7249,S1,2,26,Marketing,Bandung,79.14
48,Laki-laki,10019,S2,0,69,IT,Karawang,76.43
42,Laki-laki,4926,D3,10,92,IT,Bogor,76.81
54,Laki-laki,5972,SMA,12,95,Production,Bekasi,55.65
56,Laki-laki,9042,D3,10,48,Marketing,Bandung,60.0
51,Perempuan,7186,S2,16,20,Finance,Sukabumi,64.3
38,Perempuan,12760,SMA,2,30,Production,Bandung,79.94
42,Perempuan,5071,SMA,24,40,HR,Sukabumi,68.92
21,Laki-laki,5962,D3,1,15,Finance,Bogor,75.62
49,Laki-laki,14881,S2,6,69,Finance,Sukabumi,96.58
19,Laki-laki,8642,SMA,0,90,Finance,Sukabumi,66.22
24,Perempuan,6463,S2,1,94,IT,Sukabumi,63.11
48,Perempuan,7302,S1,24,60,Production,Bekasi,83.48
32,Perempuan,6128,S2,2,22,Marketing,Karawang,84.87
19,Perempuan,11237,S1,1,88,Finance,Karawang,71.39
23,Perempuan,8750,S2,0,82,Production,Karawang,82.91
50,Laki-laki,11551,D3,19,94,HR,Karawang,95.34
23,Laki-laki,9675,SMA,6,78,Production,Karawang,76.11
48,Laki-laki,12499,D3,31,11,Finance,Karawang,75.89
59,Perempuan,12950,S1,1,86,HR,Karawang,60.59
38,Perempuan,13376,S2,1,90,IT,Bekasi,67.47
48,Laki-laki,5954,S1,21,4,Production,Bogor,81.19
23,Laki-laki,8484,D3,1,12,Finance,Bandung,79.5
42,Laki-laki,5949,SMA,12,27,Finance,Sukabumi,69.98
39,Perempuan,13780,S1,1,87,IT,Bandung,74.88
26,Laki-laki,7739,SMA,3,0,Production,Bogor,82.22
22,Laki-laki,9598,D3,2,13,HR,Bogor,96.83
25,Perempuan,13408,SMA,3,88,Marketing,Karawang,73.26
39,Laki-laki,12445,S1,7,21,IT,Sukabumi,63.56
30,Perempuan,6059,SMA,4,69,IT,Sukabumi,98.1
50,Perempuan,10917,SMA,0,24,Production,Bandung,92.04
46,Laki-laki,7176,S2,4,53,IT,Sukabumi,71.92
27,Perempuan,14990,S2,9,51,Marketing,Karawang,69.4
36,Perempuan,7836,SMA,7,73,Finance,Bogor,86.87
59,Laki-laki,12911,D3,29,96,Marketing,Sukabumi,89.56
36,Laki-laki,10060,SMA,14,62,Marketing,Bogor,86.84
54,Laki-laki,3138,S1,26,97,IT,Sukabumi,74.07
23,Laki-laki,9680,S2,3,5,Production,Sukabumi,58.83
53,Laki-laki,7398,SMA,0,85,Production,Bekasi,82.38
57,Laki-laki,13230,S1,20,51,IT,Karawang,84.48
29,Perempuan,12259,S1,5,36,Production,Bandung,94.56
31,Laki-laki,11686,S2,10,30,HR,Bandung,79.72
48,Perempuan,5703,S1,18,84,IT,Bandung,78.15
20,Perempuan,13126,S1,2,89,Production,Bandung,77.36
34,Perempuan,7701,S2,5,6,Finance,Karawang,63.23
59,Perempuan,11531,S1,38,6,HR,Karawang,56.14
19,Laki-laki,5876,S1,2,3,HR,Karawang,66.28
19,Laki-laki,13855,D3,2,76,Production,Sukabumi,72.26
18,Perempuan,13881,D3,1,22,Marketing,Sukabumi,69.52
36,Perempuan,3310,S2,17,49,Production,Bogor,67.74
39,Perempuan,14943,D3,4,82,IT,Bandung,75.43
18,Perempuan,13519,S1,1,30,Finance,Bogor,65.68
26,Laki-laki,14752,SMA,9,31,Finance,Karawang,82.99
33,Perempuan,9253,S2,9,46,Marketing,Bogor,68.54
29,Laki-laki,9668,D3,11,47,Marketing,Karawang,75.87
21,Perempuan,14499,S2,3,97,IT,Sukabumi,96.54
49,Laki-laki,6800,S2,20,32,IT,Bandung,81.27
60,Laki-laki,12223,D3,8,51,IT,Karawang,76.8
46,Perempuan,14197,D3,28,53,HR,Bogor,78.47
52,Perempuan,14627,D3,16,35,IT,Bekasi,95.31
24,Laki-laki,3173,S2,5,1,IT,Sukabumi,88.83
46,Laki-laki,8408,D3,27,74,Finance,Bandung,74.1
42,Perempuan,8990,SMA,10,67,Production,Karawang,69.56
52,Perempuan,11485,S2,28,84,Finance,Sukabumi,72.02
18,Laki-laki,3979,S1,1,79,Marketing,Karawang,71.9
41,Perempuan,10511,S2,0,42,Marketing,Bandung,76.74
53,Laki-laki,11443,S2,32,36,Production,Karawang,83.7
48,Perempuan,14037,S1,5,58,IT,Karawang,73.46
55,Laki-laki,14063,S1,5,50,Finance,Bogor,82.4
36,Laki-laki,14077,D3,17,37,IT,Bandung,74.46
34,Perempuan,6073,S2,5,91,Marketing,Sukabumi,49.75
51,Laki-laki,10454,D3,3,76,Finance,Bogor,73.46
29,Perempuan,5971,S2,0,68,Finance,Bekasi,82.47
47,Perempuan,3817,D3,12,2,IT,Sukabumi,74.58
45,Perempuan,8499,S2,20,12,HR,Bekasi,89.38
41,Perempuan,7325,SMA,1,23,Production,Sukabumi,67.92
49,Perempuan,13139,S1,31,85,HR,Bogor,77.42
25,Laki-laki,4458,SMA,8,81,Marketing,Sukabumi,81.71
36,Laki-laki,8070,SMA,16,9,Marketing,Bekasi,74.83
36,Laki-laki,8844,SMA,1,57,Marketing,Karawang,77.16
53,Laki-laki,4541,D3,14,54,IT,Bekasi,86.48
45,Perempuan,5917,S1,2,60,IT,Bekasi,68.21
52,Laki-laki,14737,SMA,26,62,Marketing,Bogor,79.53
42,Laki-laki,6619,S2,11,47,HR,Karawang,66.88
40,Perempuan,7155,S1,8,92,HR,Bandung,77.81
28,Laki-laki,6801,S2,0,25,IT,Bogor,89.52
26,Laki-laki,5438,SMA,9,25,HR,Bandung,67.67
35,Laki-laki,3189,S1,3,40,Production,Karawang,75.36
23,Laki-laki,9871,SMA,0,16,IT,Bogor,78.07
60,Laki-laki,13366,S1,40,15,Production,Sukabumi,62.03
21,Perempuan,10015,S1,4,21,IT,Sukabumi,50.04
23,Perempuan,11710,S1,4,13,IT,Karawang,79.8
44,Perempuan,6698,S2,18,73,IT,Bogor,75.5
35,Laki-laki,4234,S1,10,82,Finance,Sukabumi,64.4
51,Perempuan,4823,S2,23,2,HR,Bogor,69.24
47,Laki-laki,9823,SMA,17,29,Production,Bekasi,73.52
25,Laki-laki,7166,D3,3,52,IT,Bekasi,79.63
36,Perempuan,14653,S2,19,67,HR,Bogor,69.26
36,Perempuan,5696,S2,4,91,Finance,Bogor,82.03
50,Perempuan,3835,D3,29,0,Production,Bekasi,70.21
23,Laki-laki,8089,S1,6,95,IT,Karawang,60.27
47,Laki-laki,9175,SMA,28,95,Finance,Sukabumi,66.59
40,Laki-laki,10877,D3,18,54,IT,Sukabumi,76.37
54,Perempuan,6273,SMA,2,27,Marketing,Bandung,75.38
52,Laki-laki,14209,SMA,29,22,Finance,Bogor,82.8
37,Laki-laki,9016,D3,1,0,HR,Sukabumi,79.07
24,Laki-laki,6201,S1,6,35,Production,Bandung,95.53
45,Perempuan,11922,SMA,5,70,Finance,Karawang,88.8
19,Laki-laki,3756,S2,2,64,Finance,Karawang,66.96
18,Laki-laki,4539,S2,1,32,Production,Bandung,82.2
18,Perempuan,10664,D3,1,15,HR,Bogor,70.23
46,Perempuan,11086,SMA,9,86,IT,Sukabumi,100.0
36,Perempuan,5850,S2,1,33,IT,Bekasi,88.04
44,Perempuan,9645,S1,3,57,Production,Bandung,75.72
59,Laki-laki,5456,S2,39,82,HR,Karawang,65.01
56,Perempuan,6897,D3,9,52,HR,Sukabumi,69.4
18,Perempuan,11734,SMA,1,22,IT,Sukabumi,86.37
37,Perempuan,5692,S2,5,57,Finance,Bekasi,86.75
19,Perempuan,6785,S1,2,15,HR,Bogor,63.78
40,Laki-laki,13457,S1,16,10,IT,Sukabumi,78.13
23,Laki-laki,6912,D3,4,14,HR,Bekasi,72.69
57,Perempuan,6077,SMA,26,36,Marketing,Bogor,66.54
45,Perempuan,3968,S1,27,94,Production,Karawang,85.97
20,Perempuan,4182,SMA,1,28,Marketing,Bekasi,73.07
57,Laki-laki,7683,D3,32,33,Finance,Bogor,77.22
19,Laki-laki,9370,S1,1,1,HR,Bandung,62.1
46,Laki-laki,11453,D3,22,90,IT,Karawang,96.5
43,Perempuan,13122,S1,18,100,Finance,Karawang,62.85
39,Laki-laki,11561,S1,11,14,Finance,Karawang,82.03
30,Laki-laki,3218,SMA,6,82,IT,Bekasi,84.79
50,Perempuan,3080,SMA,11,82,HR,Bandung,71.25
18,Laki-laki,8717,SMA,1,65,Production,Bogor,74.9
59,Laki-laki,8433,S1,19,22,HR,Bogor,89.39
43,Laki-laki,10251,D3,23,55,Finance,Bandung,70.2
23,Perempuan,8560,S1,2,29,HR,Sukabumi,76.16
45,Perempuan,4798,SMA,8,59,Finance,Bekasi,82.23
32,Laki-laki,3576,D3,6,7,IT,Bekasi,61.29
38,Laki-laki,3659,S2,13,53,Production,Sukabumi,75.49
28,Perempuan,6986,D3,1,22,Marketing,Bandung,68.31
25,Laki-laki,13315,S1,8,38,HR,Sukabumi,71.38
48,Perempuan,3571,S2,28,33,IT,Bogor,72.8
32,Perempuan,12142,S2,13,89,HR,Bogor,50.44
40,Laki-laki,9927,S2,19,81,Production,Karawang,84.72
49,Perempuan,11731,D3,20,34,Production,Bogor,67.04
24,Laki-laki,12328,S2,7,30,Marketing,Bekasi,72.59
29,Laki-laki,3759,D3,11,85,Production,Sukabumi,88.17
56,Laki-laki,7293,S2,15,74,HR,Bandung,75.87
34,Laki-laki,9759,D3,1,52,Production,Sukabumi,89.35
37,Perempuan,4343,D3,16,52,IT,Bogor,77.71
54,Perempuan,10962,S2,14,49,Marketing,Bogor,74.25
22,Perempuan,4696,S1,1,46,IT,Bekasi,75.37
21,Perempuan,8685,SMA,2,85,Finance,Bogor,82.14
52,Perempuan,10021,S2,13,58,IT,Bogor,71.15
55,Laki-laki,9921,S1,13,26,Production,Sukabumi,77.47
51,Perempuan,10151,S2,16,93,Production,Bogor,89.07
32,Laki-laki,5410,S2,8,95,Finance,Bandung,83.14
29,Perempuan,13013,S1,12,37,Production,Karawang,87.08
18,Laki-laki,14981,S2,1,27,IT,Karawang,68.8
48,Laki-laki,10830,D3,17,16,Production,Bekasi,68.81
55,Perempuan,8125,S2,8,91,Marketing,Bandung,69.92
47,Perempuan,7086,S2,28,64,HR,Bogor,89.19
35,Laki-laki,3988,S2,15,56,HR,Bekasi,63.41
30,Laki-laki,4285,D3,13,90,Finance,Bogor,72.77
26,Laki-laki,12142,S2,4,6,HR,Karawang,77.13
44,Perempuan,9524,S1,3,83,Finance,Karawang,77.45
18,Laki-laki,6637,S2,1,10,Marketing,Bogor,67.1
35,Perempuan,3897,S2,6,76,Finance,Bandung,79.44
53,Laki-laki,14169,SMA,17,73,IT,Karawang,67.3
40,Perempuan,3841,S2,11,23,HR,Bandung,80.51
57,Perempuan,7008,D3,8,17,Marketing,Karawang,60.23
29,Perempuan,5290,D3,3,70,Marketing,Karawang,69.51
19,Laki-laki,5390,D3,2,22,Finance,Bandung,66.8
40,Perempuan,3818,S2,7,91,Finance,Bogor,66.96
30,Laki-laki,5826,D3,0,49,Finance,Bogor,83.24
48,Perempuan,5433,SMA,11,51,Marketing,Bogor,96.16
49,Perempuan,7744,S1,29,25,IT,Bekasi,69.48
26,Perempuan,4208,S2,6,10,HR,Bekasi,89.18
52,Laki-laki,4412,SMA,20,63,IT,Bandung,67.69
59,Laki-laki,7622,S1,5,30,Marketing,Karawang,79.34
38,Perempuan,8816,SMA,3,19,Finance,Bogor,86.8
24,Perempuan,6885,D3,1,35,HR,Sukabumi,75.13
24,Perempuan,9209,SMA,5,24,Production,Bogor,84.55
38,Laki-laki,4747,S2,7,10,IT,Sukabumi,88.24
28,Perempuan,4147,D3,11,36,HR,Sukabumi,74.03
47,Perempuan,6165,D3,5,4,Marketing,Bekasi,81.2
58,Perempuan,12722,S1,38,4,IT,Karawang,85.16
27,Perempuan,4025,D3,3,69,Marketing,Sukabumi,77.13
58,Laki-laki,5995,SMA,20,17,Marketing,Sukabumi,72.48
30,Laki-laki,12927,S2,3,51,Production,Bandung,77.38
36,Laki-laki,13002,S1,14,66,Marketing,Karawang,86.73
22,Perempuan,9616,SMA,5,25,HR,Bandung,90.54
57,Perempuan,14312,S1,22,33,Production,Karawang,68.16
53,Perempuan,10371,S1,3,32,IT,Bekasi,86.3
48,Laki-laki,6357,D3,14,15,HR,Bandung,83.25
55,Perempuan,13820,D3,12,80,Marketing,Bekasi,79.82
31,Perempuan,12201,S1,14,3,Production,Bogor,76.54
29,Perempuan,8866,SMA,10,79,Marketing,Bogor,71.77
45,Perempuan,5495,SMA,17,6,Marketing,Karawang,75.69
23,Laki-laki,3440,SMA,0,100,Marketing,Bandung,78.24
57,Perempuan,4292,D3,12,51,Production,Bogor,75.13
20,Laki-laki,11323,S2,0,61,Finance,Sukabumi,65.97
44,Perempuan,6199,SMA,18,6,Marketing,Karawang,73.65
19,Laki-laki,4822,D3,1,48,HR,Karawang,91.55
46,Perempuan,13537,SMA,2,47,Production,Bekasi,63.65
43,Laki-laki,9461,S2,4,13,IT,Sukabumi,57.49
55,Laki-laki,9475,SMA,14,39,IT,Sukabumi,81.79
21,Perempuan,13341,SMA,0,12,Finance,Karawang,74.52
31,Perempuan,14091,S2,13,12,Production,Bandung,52.04
20,Perempuan,13335,D3,3,71,Finance,Karawang,77.98
36,Laki-laki,11434,S2,17,5,Marketing,Bogor,78.19
35,Perempuan,3022,SMA,11,39,HR,Karawang,79.7
